Workbook
Name Slicer_Asset_ID: #N/A
Name Slicer_Date_Hierarchy: #N/A
Name Slicer_Maintenance_Type: #N/A
Name Slicer_Priority: #N/A

Sheet Project_Brief
A1: Item | B1: Details
A2: Project | B2: Reliability & Maintenance Performance Analysis
A3: Business Scenario | B3: Executive maintenance analysis for an engineering/oil & gas operations environment.
A4: Period | B4: 2025
A5: Records | B5: 300
A6: Goal | B6: Assess maintenance activity, asset reliability, downtime and priority areas for management attention.
A7: Core KPIs | B7: Work Orders, Maintenance Cost, Downtime, MTTR, MTBF, Availability

Sheet Fact_Table
A1: Work_Order_ID | B1: Date | C1: Asset_ID | D1: Maintenance_Type | E1: Failure_Mode | F1: Priority | G1: Status | H1: Technician_ID | I1: Failure_Count | J1: Downtime_Hours | K1: Repair_Hours | L1: Labour_Hours | M1: Spare_Part_Cost_USD | N1: Labour_Cost_USD | O1: Total_Maintenance_Cost_USD
A2: WO-0104 | B2: 45660 | C2: AST-003 | D2: Breakdown | E2: Leakage | F2: Critical | G2: Completed | H2: TECH-06 | I2: 1 | J2: 8.31 | K2: 6.28 | L2: 6.47 | M2: 1136.83 | N2: 226.45 | O2: =SUM($M2:N2) -> 1363.28
A3: WO-0300 | B3: 45665 | C3: AST-007 | D3: Breakdown | E3: Control Failure | F3: Critical | G3: Completed | H3: TECH-05 | I3: 1 | J3: 7.34 | K3: 6.79 | L3: 7.36 | M3: 2478.08 | N3: 257.6 | O3: =SUM($M3:N3) -> 2735.68
A4: WO-0233 | B4: 45665 | C4: AST-009 | D4: Preventive | E4: Calibration | F4: Medium | G4: Completed | H4: TECH-06 | I4: 0 | J4: 0.35 | K4: 1.74 | L4: 1.92 | M4: 114.01 | N4: 86.4 | O4: =SUM($M4:N4) -> 200.41
A5: WO-0272 | B5: 45666 | C5: AST-001 | D5: Preventive | E5: Lubrication | F5: Medium | G5: Completed | H5: TECH-01 | I5: 0 | J5: 0.69 | K5: 1.4 | L5: 1.57 | M5: 181.21 | N5: 70.65 | O5: =SUM($M5:N5) -> 251.86
A6: WO-0170 | B6: 45666 | C6: AST-012 | D6: Preventive | E6: Inspection | F6: Low | G6: Completed | H6: TECH-08 | I6: 0 | J6: 0.73 | K6: 0.42 | L6: 0.5 | M6: 191.09 | N6: 20 | O6: =SUM($M6:N6) -> 211.09
A7: WO-0138 | B7: 45669 | C7: AST-004 | D7: Preventive | E7: Scheduled Service | F7: Medium | G7: Completed | H7: TECH-05 | I7: 0 | J7: 1.07 | K7: 1.8 | L7: 2.22 | M7: 94.27 | N7: 88.8 | O7: =SUM($M7:N7) -> 183.07
A8: WO-0147 | B8: 45670 | C8: AST-012 | D8: Corrective | E8: Control Failure | F8: Medium | G8: Completed | H8: TECH-02 | I8: 1 | J8: 0.17 | K8: 3.95 | L8: 4.64 | M8: 364.84 | N8: 232 | O8: =SUM($M8:N8) -> 596.84
A9: WO-0117 | B9: 45671 | C9: AST-003 | D9: Corrective | E9: Electrical Fault | F9: Medium | G9: Completed | H9: TECH-01 | I9: 1 | J9: 5.59 | K9: 4.84 | L9: 6.13 | M9: 1136.31 | N9: 275.85 | O9: =SUM($M9:N9) -> 1412.16
A10: WO-0250 | B10: 45673 | C10: AST-005 | D10: Preventive | E10: Inspection | F10: Low | G10: Completed | H10: TECH-01 | I10: 0 | J10: 0 | K10: 1.55 | L10: 1.32 | M10: 224.34 | N10: 46.2 | O10: =SUM($M10:N10) -> 270.54
A11: WO-0056 | B11: 45673 | C11: AST-003 | D11: Corrective | E11: Bearing Failure | F11: Medium | G11: Completed | H11: TECH-01 | I11: 1 | J11: 6.97 | K11: 5.52 | L11: 7.21 | M11: 993.03 | N11: 360.5 | O11: =SUM($M11:N11) -> 1353.53
A12: WO-0150 | B12: 45679 | C12: AST-008 | D12: Corrective | E12: Overheating | F12: Medium | G12: Completed | H12: TECH-03 | I12: 1 | J12: 4.02 | K12: 6.72 | L12: 7.36 | M12: 876.31 | N12: 257.6 | O12: =SUM($M12:N12) -> 1133.91
A13: WO-0279 | B13: 45681 | C13: AST-001 | D13: Preventive | E13: Calibration | F13: Low | G13: Cancelled | H13: TECH-07 | I13: 0 | J13: 0.9 | K13: 1.71 | L13: 1.69 | M13: 110.06 | N13: 67.6 | O13: =SUM($M13:N13) -> 177.66
... A301: WO-0161 | B301: 46021 | C301: AST-005 | D301: Corrective | E301: Vibration | F301: Medium | G301: Completed | H301: TECH-02 | I301: 1 | J301: 4.18 | K301: 0.59 | L301: 0.76 | M301: 785.82 | N301: 26.6 | O301: =SUM($M301:N301) -> 812.42

Sheet Asset_Master
A1: Asset_ID | B1: Asset_Type | C1: Area | D1: Criticality | E1: Install_Year | H1: Operating_Days_Per_Year | I1: Hours_Per_Day | J1: Annual_Planned_Hours
A2: AST-001 | B2: Centrifugal Pump | C2: Production Train A | D2: High | E2: 2018 | H2: 365 | I2: 24 | J2: =H2*I2 -> 8760
A3: AST-002 | B3: Centrifugal Pump | C3: Production Train B | D3: High | E3: 2019
A4: AST-003 | B4: Compressor | C4: Gas Compression | D4: Critical | E4: 2017
A5: AST-004 | B5: Compressor | C5: Gas Compression | D5: Critical | E5: 2016
A6: AST-005 | B6: Heat Exchanger | C6: Process Area | D6: Medium | E6: 2020
A7: AST-006 | B7: Heat Exchanger | C7: Process Area | D7: Medium | E7: 2021
A8: AST-007 | B8: Diesel Generator | C8: Utilities | D8: High | E8: 2019
A9: AST-008 | B9: Electric Motor | C9: Production Train A | D9: Medium | E9: 2020
A10: AST-009 | B10: Electric Motor | C10: Production Train B | D10: Medium | E10: 2018
A11: AST-010 | B11: Control Valve | C11: Process Area | D11: High | E11: 2021
A12: AST-011 | B12: Control Valve | C12: Process Area | D12: High | E12: 2020
A13: AST-012 | B13: Cooling Fan | C13: Utilities | D13: Low | E13: 2022
A16: Asset_ID | B16: Annual Planned Hours | C16: Total Downtime | D16: Operating Hours | E16: Total Failures | F16: MTBF | G16: MTTR | H16: Availability
A17: AST-001 | B17: 8760 | C17: =SUMIFS(Table1[Downtime_Hours],Table1[Asset_ID],Asset_Master!A17) -> 73.36 | D17: =B17-C17 -> 8686.64 | E17: =SUMIFS(Table1[Failure_Count],Table1[Asset_ID],Asset_Master!A17) -> 15 | F17: =IFERROR((D17/E17),0) -> 579.10933 | G17: =IFERROR(SUMIFS(Table1[Repair_Hours],Table1[Asset_ID],Asset_Master!A17) /( Asset_Master!E17),0) -> 6.174 | H17: =IFERROR((D17/B17),0) -> 0.99162557
A18: AST-002 | B18: 8760 | C18: =SUMIFS(Table1[Downtime_Hours],Table1[Asset_ID],Asset_Master!A18) -> 95.9 | D18: =B18-C18 -> 8664.1 | E18: =SUMIFS(Table1[Failure_Count],Table1[Asset_ID],Asset_Master!A18) -> 21 | F18: =IFERROR((D18/E18),0) -> 412.57619 | G18: =IFERROR(SUMIFS(Table1[Repair_Hours],Table1[Asset_ID],Asset_Master!A18) /( Asset_Master!E18),0) -> 4.477619 | H18: =IFERROR((D18/B18),0) -> 0.98905251
A19: AST-003 | B19: 8760 | C19: =SUMIFS(Table1[Downtime_Hours],Table1[Asset_ID],Asset_Master!A19) -> 148.05 | D19: =B19-C19 -> 8611.95 | E19: =SUMIFS(Table1[Failure_Count],Table1[Asset_ID],Asset_Master!A19) -> 23 | F19: =IFERROR((D19/E19),0) -> 374.43261 | G19: =IFERROR(SUMIFS(Table1[Repair_Hours],Table1[Asset_ID],Asset_Master!A19) /( Asset_Master!E19),0) -> 7.3321739 | H19: =IFERROR((D19/B19),0) -> 0.98309932
A20: AST-004 | B20: 8760 | C20: =SUMIFS(Table1[Downtime_Hours],Table1[Asset_ID],Asset_Master!A20) -> 101.92 | D20: =B20-C20 -> 8658.08 | E20: =SUMIFS(Table1[Failure_Count],Table1[Asset_ID],Asset_Master!A20) -> 16 | F20: =IFERROR((D20/E20),0) -> 541.13 | G20: =IFERROR(SUMIFS(Table1[Repair_Hours],Table1[Asset_ID],Asset_Master!A20) /( Asset_Master!E20),0) -> 7.408125 | H20: =IFERROR((D20/B20),0) -> 0.9883653
A21: AST-005 | B21: 8760 | C21: =SUMIFS(Table1[Downtime_Hours],Table1[Asset_ID],Asset_Master!A21) -> 28.89 | D21: =B21-C21 -> 8731.11 | E21: =SUMIFS(Table1[Failure_Count],Table1[Asset_ID],Asset_Master!A21) -> 7 | F21: =IFERROR((D21/E21),0) -> 1247.3014 | G21: =IFERROR(SUMIFS(Table1[Repair_Hours],Table1[Asset_ID],Asset_Master!A21) /( Asset_Master!E21),0) -> 4.3771429 | H21: =IFERROR((D21/B21),0) -> 0.99670205
A22: AST-006 | B22: 8760 | C22: =SUMIFS(Table1[Downtime_Hours],Table1[Asset_ID],Asset_Master!A22) -> 33.48 | D22: =B22-C22 -> 8726.52 | E22: =SUMIFS(Table1[Failure_Count],Table1[Asset_ID],Asset_Master!A22) -> 10 | F22: =IFERROR((D22/E22),0) -> 872.652 | G22: =IFERROR(SUMIFS(Table1[Repair_Hours],Table1[Asset_ID],Asset_Master!A22) /( Asset_Master!E22),0) -> 5.927 | H22: =IFERROR((D22/B22),0) -> 0.99617808
A23: AST-007 | B23: 8760 | C23: =SUMIFS(Table1[Downtime_Hours],Table1[Asset_ID],Asset_Master!A23) -> 44.91 | D23: =B23-C23 -> 8715.09 | E23: =SUMIFS(Table1[Failure_Count],Table1[Asset_ID],Asset_Master!A23) -> 7 | F23: =IFERROR((D23/E23),0) -> 1245.0129 | G23: =IFERROR(SUMIFS(Table1[Repair_Hours],Table1[Asset_ID],Asset_Master!A23) /( Asset_Master!E23),0) -> 5.1728571 | H23: =IFERROR((D23/B23),0) -> 0.99487329
A24: AST-008 | B24: 8760 | C24: =SUMIFS(Table1[Downtime_Hours],Table1[Asset_ID],Asset_Master!A24) -> 43 | D24: =B24-C24 -> 8717 | E24: =SUMIFS(Table1[Failure_Count],Table1[Asset_ID],Asset_Master!A24) -> 9 | F24: =IFERROR((D24/E24),0) -> 968.55556 | G24: =IFERROR(SUMIFS(Table1[Repair_Hours],Table1[Asset_ID],Asset_Master!A24) /( Asset_Master!E24),0) -> 5.9755556 | H24: =IFERROR((D24/B24),0) -> 0.99509132
A25: AST-009 | B25: 8760 | C25: =SUMIFS(Table1[Downtime_Hours],Table1[Asset_ID],Asset_Master!A25) -> 50.76 | D25: =B25-C25 -> 8709.24 | E25: =SUMIFS(Table1[Failure_Count],Table1[Asset_ID],Asset_Master!A25) -> 12 | F25: =IFERROR((D25/E25),0) -> 725.77 | G25: =IFERROR(SUMIFS(Table1[Repair_Hours],Table1[Asset_ID],Asset_Master!A25) /( Asset_Master!E25),0) -> 5.6266667 | H25: =IFERROR((D25/B25),0) -> 0.99420548
A26: AST-010 | B26: 8760 | C26: =SUMIFS(Table1[Downtime_Hours],Table1[Asset_ID],Asset_Master!A26) -> 63.44 | D26: =B26-C26 -> 8696.56 | E26: =SUMIFS(Table1[Failure_Count],Table1[Asset_ID],Asset_Master!A26) -> 14 | F26: =IFERROR((D26/E26),0) -> 621.18286 | G26: =IFERROR(SUMIFS(Table1[Repair_Hours],Table1[Asset_ID],Asset_Master!A26) /( Asset_Master!E26),0) -> 5.6321429 | H26: =IFERROR((D26/B26),0) -> 0.99275799
A27: AST-011 | B27: 8760 | C27: =SUMIFS(Table1[Downtime_Hours],Table1[Asset_ID],Asset_Master!A27) -> 55.26 | D27: =B27-C27 -> 8704.74 | E27: =SUMIFS(Table1[Failure_Count],Table1[Asset_ID],Asset_Master!A27) -> 9 | F27: =IFERROR((D27/E27),0) -> 967.19333 | G27: =IFERROR(SUMIFS(Table1[Repair_Hours],Table1[Asset_ID],Asset_Master!A27) /( Asset_Master!E27),0) -> 6.0377778 | H27: =IFERROR((D27/B27),0) -> 0.99369178
A28: AST-012 | B28: 8760 | C28: =SUMIFS(Table1[Downtime_Hours],Table1[Asset_ID],Asset_Master!A28) -> 54.56 | D28: =B28-C28 -> 8705.44 | E28: =SUMIFS(Table1[Failure_Count],Table1[Asset_ID],Asset_Master!A28) -> 11 | F28: =IFERROR((D28/E28),0) -> 791.40364 | G28: =IFERROR(SUMIFS(Table1[Repair_Hours],Table1[Asset_ID],Asset_Master!A28) /( Asset_Master!E28),0) -> 3.7809091 | H28: =IFERROR((D28/B28),0) -> 0.99377169

Sheet Maintenance Data
A1: Work_Order_ID | B1: Date | C1: Asset_ID | D1: Maintenance_Type | E1: Failure_Mode | F1: Priority | G1: Status | H1: Technician_ID | I1: Failure_Count | J1: Downtime_Hours | K1: Repair_Hours | L1: Labour_Hours | M1: Spare_Part_Cost_USD | N1: Labour_Cost_USD | O1: Total_Maintenance_Cost_USD | P1: Maintenance_Cost_Per_Labour_Hour
A2: WO-0104 | B2: 45660 | C2: AST-003 | D2: Breakdown | E2: Leakage | F2: Critical | G2: Completed | H2: TECH-06 | I2: 1 | J2: 8.31 | K2: 6.28 | L2: 6.47 | M2: 1136.83 | N2: 226.45 | O2: =SUM($M2:N2) -> 1363.28 | P2: =IFERROR(Table1[[#This Row],[Total_Maintenance_Cost_USD]]/Table1[[#This Row],[Labour_Hours]],0) -> 210.70788
A3: WO-0300 | B3: 45665 | C3: AST-007 | D3: Breakdown | E3: Control Failure | F3: Critical | G3: Completed | H3: TECH-05 | I3: 1 | J3: 7.34 | K3: 6.79 | L3: 7.36 | M3: 2478.08 | N3: 257.6 | O3: =SUM($M3:N3) -> 2735.68 | P3: =IFERROR(Table1[[#This Row],[Total_Maintenance_Cost_USD]]/Table1[[#This Row],[Labour_Hours]],0) -> 371.69565
A4: WO-0233 | B4: 45665 | C4: AST-009 | D4: Preventive | E4: Calibration | F4: Medium | G4: Completed | H4: TECH-06 | I4: 0 | J4: 0.35 | K4: 1.74 | L4: 1.92 | M4: 114.01 | N4: 86.4 | O4: =SUM($M4:N4) -> 200.41 | P4: =IFERROR(Table1[[#This Row],[Total_Maintenance_Cost_USD]]/Table1[[#This Row],[Labour_Hours]],0) -> 104.38021
A5: WO-0272 | B5: 45666 | C5: AST-001 | D5: Preventive | E5: Lubrication | F5: Medium | G5: Completed | H5: TECH-01 | I5: 0 | J5: 0.69 | K5: 1.4 | L5: 1.57 | M5: 181.21 | N5: 70.65 | O5: =SUM($M5:N5) -> 251.86 | P5: =IFERROR(Table1[[#This Row],[Total_Maintenance_Cost_USD]]/Table1[[#This Row],[Labour_Hours]],0) -> 160.42038
A6: WO-0170 | B6: 45666 | C6: AST-012 | D6: Preventive | E6: Inspection | F6: Low | G6: Completed | H6: TECH-08 | I6: 0 | J6: 0.73 | K6: 0.42 | L6: 0.5 | M6: 191.09 | N6: 20 | O6: =SUM($M6:N6) -> 211.09 | P6: =IFERROR(Table1[[#This Row],[Total_Maintenance_Cost_USD]]/Table1[[#This Row],[Labour_Hours]],0) -> 422.18
A7: WO-0138 | B7: 45669 | C7: AST-004 | D7: Preventive | E7: Scheduled Service | F7: Medium | G7: Completed | H7: TECH-05 | I7: 0 | J7: 1.07 | K7: 1.8 | L7: 2.22 | M7: 94.27 | N7: 88.8 | O7: =SUM($M7:N7) -> 183.07 | P7: =IFERROR(Table1[[#This Row],[Total_Maintenance_Cost_USD]]/Table1[[#This Row],[Labour_Hours]],0) -> 82.463964
A8: WO-0147 | B8: 45670 | C8: AST-012 | D8: Corrective | E8: Control Failure | F8: Medium | G8: Completed | H8: TECH-02 | I8: 1 | J8: 0.17 | K8: 3.95 | L8: 4.64 | M8: 364.84 | N8: 232 | O8: =SUM($M8:N8) -> 596.84 | P8: =IFERROR(Table1[[#This Row],[Total_Maintenance_Cost_USD]]/Table1[[#This Row],[Labour_Hours]],0) -> 128.62931
A9: WO-0117 | B9: 45671 | C9: AST-003 | D9: Corrective | E9: Electrical Fault | F9: Medium | G9: Completed | H9: TECH-01 | I9: 1 | J9: 5.59 | K9: 4.84 | L9: 6.13 | M9: 1136.31 | N9: 275.85 | O9: =SUM($M9:N9) -> 1412.16 | P9: =IFERROR(Table1[[#This Row],[Total_Maintenance_Cost_USD]]/Table1[[#This Row],[Labour_Hours]],0) -> 230.36868
A10: WO-0250 | B10: 45673 | C10: AST-005 | D10: Preventive | E10: Inspection | F10: Low | G10: Completed | H10: TECH-01 | I10: 0 | J10: 0 | K10: 1.55 | L10: 1.32 | M10: 224.34 | N10: 46.2 | O10: =SUM($M10:N10) -> 270.54 | P10: =IFERROR(Table1[[#This Row],[Total_Maintenance_Cost_USD]]/Table1[[#This Row],[Labour_Hours]],0) -> 204.95455
A11: WO-0056 | B11: 45673 | C11: AST-003 | D11: Corrective | E11: Bearing Failure | F11: Medium | G11: Completed | H11: TECH-01 | I11: 1 | J11: 6.97 | K11: 5.52 | L11: 7.21 | M11: 993.03 | N11: 360.5 | O11: =SUM($M11:N11) -> 1353.53 | P11: =IFERROR(Table1[[#This Row],[Total_Maintenance_Cost_USD]]/Table1[[#This Row],[Labour_Hours]],0) -> 187.72954
A12: WO-0150 | B12: 45679 | C12: AST-008 | D12: Corrective | E12: Overheating | F12: Medium | G12: Completed | H12: TECH-03 | I12: 1 | J12: 4.02 | K12: 6.72 | L12: 7.36 | M12: 876.31 | N12: 257.6 | O12: =SUM($M12:N12) -> 1133.91 | P12: =IFERROR(Table1[[#This Row],[Total_Maintenance_Cost_USD]]/Table1[[#This Row],[Labour_Hours]],0) -> 154.06386
A13: WO-0279 | B13: 45681 | C13: AST-001 | D13: Preventive | E13: Calibration | F13: Low | G13: Cancelled | H13: TECH-07 | I13: 0 | J13: 0.9 | K13: 1.71 | L13: 1.69 | M13: 110.06 | N13: 67.6 | O13: =SUM($M13:N13) -> 177.66 | P13: =IFERROR(Table1[[#This Row],[Total_Maintenance_Cost_USD]]/Table1[[#This Row],[Labour_Hours]],0) -> 105.12426
... A301: WO-0161 | B301: 46021 | C301: AST-005 | D301: Corrective | E301: Vibration | F301: Medium | G301: Completed | H301: TECH-02 | I301: 1 | J301: 4.18 | K301: 0.59 | L301: 0.76 | M301: 785.82 | N301: 26.6 | O301: =SUM($M301:N301) -> 812.42 | P301: =IFERROR(Table1[[#This Row],[Total_Maintenance_Cost_USD]]/Table1[[#This Row],[Labour_Hours]],0) -> 1068.9737

Sheet Pivot Analysis
A2: Overall Maintenace Performance | I2: What type of maintenance dominates? | N2: CHARTS
A3: Total Work Orders | B3: Maintenance Cost | C3: Total Downtime (Hrs) | D3: MTTR (Hrs) | E3: MTBF (Hrs) | F3: Availability | I3: Maintenance Type | J3: Total Work Orders | K3: Total Maintenance Cost | L3: Total Downtime | N3: Maintenance Type | O3: Total Work Orders | Q3: Failure Mode | R3: Total Failures
A4: 300 | B4: 218948.23 | C4: 793.53 | D4: 5.8182468 | E4: 677.44461 | F4: 0.9924512 | I4: Breakdown | J4: 53 | K4: 98971.83 | L4: 399.02 | N4: Breakdown | O4: 53 | Q4: Overheating | R4: 17
I5: Corrective | J5: 95 | K5: 84196.21 | L5: 306.03 | N5: Corrective | O5: 95 | Q5: Mechanical Seal | R5: 18
A6: Which assets are most/least reliable? | I6: Preventive | J6: 152 | K6: 35780.19 | L6: 88.48 | N6: Preventive | O6: 152 | Q6: Vibration | R6: 22
A7: Asset ID | B7: MTBF | C7: MTTR | D7: Availability | E7: Total Failures | I7: Grand Total | J7: 300 | K7: 218948.23 | L7: 793.53 | N7: Grand Total | O7: 300 | Q7: Leakage | R7: 24
A8: AST-001 | B8: 579.10933 | C8: 6.174 | D8: 0.99162557 | E8: 15 | Q8: Electrical Fault | R8: 24
A9: AST-002 | B9: 412.57619 | C9: 4.477619 | D9: 0.98905251 | E9: 21 | I9: Which failure modes matter most? | N9: Asset ID | O9: Total Downtime | Q9: Control Failure | R9: 24
A10: AST-003 | B10: 374.43261 | C10: 7.3321739 | D10: 0.98309932 | E10: 23 | I10: Failure Mode | J10: Total Failures | K10: Total Downtime | L10: Total Maintenance Cost | N10: AST-003 | O10: 148.05 | Q10: Bearing Failure | R10: 25
A11: AST-004 | B11: 541.13 | C11: 7.408125 | D11: 0.9883653 | E11: 16 | I11: Bearing Failure | J11: 25 | K11: 142.2 | L11: 29357.45 | N11: AST-004 | O11: 101.92 | Q11: Grand Total | R11: 154
A12: AST-005 | B12: 1247.3014 | C12: 4.3771429 | D12: 0.99670205 | E12: 7 | I12: Calibration | J12: 0 | K12: 20.17 | L12: 8530.04 | N12: AST-002 | O12: 95.9
A13: AST-006 | B13: 872.652 | C13: 5.927 | D13: 0.99617808 | E13: 10 | I13: Control Failure | J13: 24 | K13: 100.35 | L13: 33129.18 | N13: AST-001 | O13: 73.36
A14: AST-007 | B14: 1245.0129 | C14: 5.1728571 | D14: 0.99487329 | E14: 7 | I14: Electrical Fault | J14: 24 | K14: 100.2 | L14: 25245.31 | N14: AST-010 | O14: 63.44
A15: AST-008 | B15: 968.55556 | C15: 5.9755556 | D15: 0.99509132 | E15: 9 | I15: Inspection | J15: 0 | K15: 23.39 | L15: 9601.52 | N15: AST-011 | O15: 55.26
A16: AST-009 | B16: 725.77 | C16: 5.6266667 | D16: 0.99420548 | E16: 12 | I16: Leakage | J16: 24 | K16: 110.32 | L16: 29732.47 | N16: AST-012 | O16: 54.56
A17: AST-010 | B17: 621.18286 | C17: 5.6321429 | D17: 0.99275799 | E17: 14 | I17: Lubrication | J17: 0 | K17: 22.4 | L17: 9021.64 | N17: AST-009 | O17: 50.76
A18: AST-011 | B18: 967.19333 | C18: 6.0377778 | D18: 0.99369178 | E18: 9 | I18: Mechanical Seal | J18: 18 | K18: 70.15 | L18: 17384.49 | N18: AST-007 | O18: 44.91
A19: AST-012 | B19: 791.40364 | C19: 3.7809091 | D19: 0.99377169 | E19: 11 | I19: Overheating | J19: 17 | K19: 72.88 | L19: 18810.61 | N19: AST-008 | O19: 43
A20: Grand Total | B20: 677.44461 | C20: 5.8182468 | D20: 0.9924512 | E20: 154 | I20: Scheduled Service | J20: 0 | K20: 22.52 | L20: 8626.99 | N20: AST-006 | O20: 33.48
I21: Vibration | J21: 22 | K21: 108.95 | L21: 29508.53 | N21: AST-005 | O21: 28.89
A22: Where is Downtime concentrated? | I22: Grand Total | J22: 154 | K22: 793.53 | L22: 218948.23 | N22: Grand Total | O22: 793.53
A23: Asset ID | B23: Total Downtime
A24: AST-001 | B24: 73.36 | E24: How is maintenance performing over time | K24: Which assets are costing the most?
A25: AST-002 | B25: 95.9 | E25: Month | F25: Total Work Orders | G25: Total Maintenance Cost | H25: Total Downtime | I25: MTTR | K25: Asset ID | L25: Total Maintenance Cost
A26: AST-003 | B26: 148.05 | E26: January | F26: 19 | G26: 16320.76 | H26: 50.87 | I26: 5.9063636 | K26: AST-005 | L26: 8793.09
A27: AST-004 | B27: 101.92 | E27: February | F27: 28 | G27: 24648.84 | H27: 107.33 | I27: 6.0411765 | K27: AST-011 | L27: 13442.85
A28: AST-005 | B28: 28.89 | E28: March | F28: 21 | G28: 14392.58 | H28: 51.33 | I28: 4.7608333 | K28: AST-007 | L28: 13769.33
A29: AST-006 | B29: 33.48 | E29: April | F29: 22 | G29: 14224.81 | H29: 48.21 | I29: 4.2838462 | K29: AST-012 | L29: 14898.42
A30: AST-007 | B30: 44.91 | E30: May | F30: 22 | G30: 15321.56 | H30: 45.02 | I30: 7.734 | K30: AST-006 | L30: 15251.23
A31: AST-008 | B31: 43 | E31: June | F31: 41 | G31: 25100.2 | H31: 86.89 | I31: 6.3225 | K31: AST-008 | L31: 15322.01
A32: AST-009 | B32: 50.76 | E32: July | F32: 26 | G32: 18388.83 | H32: 63.49 | I32: 6.24 | K32: AST-009 | L32: 15514.54
A33: AST-010 | B33: 63.44 | E33: August | F33: 23 | G33: 13377.06 | H33: 55.11 | I33: 4.5236364 | K33: AST-010 | L33: 20255.94
A34: AST-011 | B34: 55.26 | E34: September | F34: 27 | G34: 21230.92 | H34: 82.16 | I34: 6.71 | K34: AST-001 | L34: 20324.4
A35: AST-012 | B35: 54.56 | E35: October | F35: 36 | G35: 29188.71 | H35: 116.95 | I35: 5.8165 | K35: AST-004 | L35: 23909.98
A36: Grand Total | B36: 793.53 | E36: November | F36: 16 | G36: 8616.32 | H36: 24.07 | I36: 7.166 | K36: AST-002 | L36: 26243.52
E37: December | F37: 19 | G37: 18137.64 | H37: 62.1 | I37: 5.1707692 | K37: AST-003 | L37: 31222.92
E38: Grand Total | F38: 300 | G38: 218948.23 | H38: 793.53 | I38: 5.8182468 | K38: Grand Total | L38: 218948.23

Sheet Dashboard
C1: RELIABILITY & MAINTENANCE PERFORMANCE | ENGINEERING OPERATIONS | 2025
D14: `
L19: Asset ID | M19: MTBF | N19: MTTR | O19: Availability | P19: Total Failures | Q19: Priority
L20: AST-001 | M20: 579.10933 | N20: 6.174 | O20: 0.99162557 | P20: 15 | Q20: NORMAL
L21: AST-002 | M21: 412.57619 | N21: 4.477619 | O21: 0.98905251 | P21: 21 | Q21: HIGH
L22: AST-003 | M22: 374.43261 | N22: 7.3321739 | O22: 0.98309932 | P22: 23 | Q22: HIGH
L23: AST-004 | M23: 541.13 | N23: 7.408125 | O23: 0.9883653 | P23: 16 | Q23: HIGH
L24: AST-005 | M24: 1247.3014 | N24: 4.3771429 | O24: 0.99670205 | P24: 7 | Q24: NORMAL
L25: AST-006 | M25: 872.652 | N25: 5.927 | O25: 0.99617808 | P25: 10 | Q25: NORMAL
L26: AST-007 | M26: 1245.0129 | N26: 5.1728571 | O26: 0.99487329 | P26: 7 | Q26: NORMAL
L27: AST-008 | M27: 968.55556 | N27: 5.9755556 | O27: 0.99509132 | P27: 9 | Q27: NORMAL
L28: AST-009 | M28: 725.77 | N28: 5.6266667 | O28: 0.99420548 | P28: 12 | Q28: NORMAL
L29: AST-010 | M29: 621.18286 | N29: 5.6321429 | O29: 0.99275799 | P29: 14 | Q29: NORMAL
L30: AST-011 | M30: 967.19333 | N30: 6.0377778 | O30: 0.99369178 | P30: 9 | Q30: NORMAL
L31: AST-012 | M31: 791.40364 | N31: 3.7809091 | O31: 0.99377169 | P31: 11 | Q31: NORMAL
